,id,RespondentID,Artist,Track,Link
0,fail,12271575881,Mamontovas,Mario kanjonai,
1,fail,12271576221,Pantetonix,Halelluja,
2,fail,12271582230,Frenkas Sinatra,My way,
3,fail,12271585775,,M. Ravelis,
4,fail,12271591821,Suzi Andrews,Tango 2000,
5,fail,12271592686,Prodigy,,
6,fail,12271595060,Stas Mihailov,Podelim nebo,
7,fail,12271597598,Gojira,L'Enfant Sauvage,https://www.youtube.com/watch?v=BGHlZwMYO9g
8,fail,12271599511,Frenkas Sinatra,My way,
9,fail,12271600301,R.e.m,Losing my religgion,
10,fail,12271600323,Jazzu,Visi atlikėjos kūriniai,
11,fail,12271603255,Daug skirtingų autorių ir atlikėjų,Daug kūrinių,
12,fail,12271603543,Tupac,Dear Mama,
13,fail,12271603807,Submotion Orchestra,Backchat,https://www.youtube.com/watch?v=6Lm0cZwY14I&list=PL07TE5oZgCW4oPH3kRXaUMIlPquUi_XGG&index=2&ab_channel=Dworkingospel
14,fail,12271605354,Jazzu ir Antis,Aš sutikau Naujus metus,
15,fail,12271605781,Gustavo Malerio,10 simfonija,
16,fail,12271608632,Davas Gahanas,Never let my daun again,
17,fail,12271610251,F. Schubert,Simfonija Nr. 9,
18,fail,12271614723,Lady Gaga,I'll never love again,https://www.youtube.com/watch?v=RttANrcBI_I
19,fail,12271619132,Egle Jakstyte,Apie tavč,
20,fail,12271629750,Djali Zwan,Waisting time,
21,fail,12271630411,Marc Philippe,Dancer in the dark (original mix),
22,fail,12271630998,staind,its been a while,https://www.youtube.com/watch?v=araU0fZj6oQ
23,fail,12271640408,"grupė ""Opeth""",Under the weeping moon,
24,fail,12271646192,Bon Jovi,In this arms,
25,fail,12271648994,Slava,Odinocestvo,
26,fail,12271662854,Celtic Thunder,"""Ireland Call"", ""Steal Away"", ""Amazing Grace""",
27,fail,12271663093,Einsturzende Neubauten,Nagorny Karabakh,
28,fail,12271663175,carlos santana,black magic women,
29,fail,12271667685,b. gorbulskis,Mėlynos gatvelės,https://www.youtube.com/watch?v=0m7efsXdo30
30,fail,12271669005,Jazzu,Jausmai,
31,fail,12271670866,John Cage,04:33,
32,fail,12271672298,Eddie Veder,Society,
33,fail,12271672851,Brandon Ackier,Gnossienne by Erik Satie,
34,fail,12271679598,Depeche Mode (Lexicon Avenue Remix),Only When I Lose Myself,https://www.youtube.com/watch?v=YZM0teNBVQo
35,fail,12271679987,Beenie man,King of the dancehalk,https://youtu.be/D_rkOdie5KY
36,fail,12271680916,Vairas,Riešutų žydėjimas,
37,fail,12271681456,Benediktinų vienuoliai,Grigališkas choralas,
38,fail,12271682993,Real Big Fish,Take on Me,https://www.youtube.com/watch?v=QHpU0ZfXZ_g&ab_channel=ReelBigFishVEVO
39,fail,12271685921,Weeknd,Worth it,
40,fail,12271697211,Deja Vu,I Can't Stop,
41,fail,12271700631,pink floid,another brick in the woll,
42,fail,12271700732,Dirig. Carlos Kleiber,R. Wagner. Tristan und Isolde. Vorspiel,
43,fail,12271700836,"Il Volo, Pavarotti, S. Povilaitis, V. KERNAGIS",Nessum Dorma,
44,fail,12271704451,Kertukai,Kai aš mažas buvau,https://www.youtube.com/watch?v=6qUitUMPm28&ab_channel=mal58m
45,fail,12271706157,Kerbedis,Nakty,
46,fail,12271716427,Bilie Myers,Kiss the rain,
47,fail,12271722343,"Merkuris, Kabalje",Barselona,
48,fail,12271728824,Modern Talking,"You’re my heart, you’re my soul",
49,fail,12271734136,Zivert feat. NILETTO,Fly 2,
50,fail,12271744482,Babymetal,Iine!,
51,fail,12271783530,Tate macrae,You broke me first,
52,fail,12271786793,Eglė Sirvidytė,Mano namai,
53,fail,12271798372,Justė Arlauskaitė,You're my life,https://youtu.be/LZsWhODVoLg
54,fail,12271826721,Anna Marija Kaufman,Dunkel Zeit,
55,fail,12271849740,Acid Black Cherry,Kimi ga iru kara (君がいるから),https://www.youtube.com/watch?v=7WHVyzPTyv8
56,fail,12271894501,Mozart,Requem,
57,fail,12271942003,Liveta ir Petras Kazlauskai,Tavo Siluma,
58,fail,12272001379,Evanescence,All That I'm Living For,https://www.youtube.com/watch?v=9uutGbWGPJc
59,fail,12272110299,Khatia Buniatishvili,Un  Violon,
60,fail,12272118381,R.Klaidermanas,Baladė Adelinai,https://www.youtube.com/watch?v=gfsgXJQ0ebU
61,fail,12272132673,Anie Lenox,No more l love you's,
62,fail,12272147253,Fredy Mercury,Lonely,
63,fail,12272162501,Didelė įvairovė,Nesistengiu įsiminti,
64,fail,12272208188,,Barber’s Adagio for strings,
65,fail,12272212269,Queen,Bohemia Rapsody,
66,fail,12272213238,Artic Monkeys,Are you mine,
67,fail,12272215184,Pink floid,Siena,
68,fail,12272217464,Fathless,Insomnia,
69,fail,12272220872,Katalikiškos giesmės,Jėzau arčiau Tavęs,
70,fail,12272225857,Epica,We will take you with us,
71,fail,12272227968,Kate Melua,,
72,fail,12272236291,Dermont Kennedy,For Island Fires and Family,
73,fail,12272248615,Pink Floyd,Dark sode of the moon,
74,fail,12272259545,"Shawn mendes, camila cabrllo",Señorita,
75,fail,12272272230,DJ Readidias,Real friends,
76,fail,12272280037,30 seconds to mars,Yesterday,https://youtu.be/RpG7FzXrNSs
77,fail,12272288073,Glen Gould,J. S. Bach Messe h-moll,
78,fail,12272291770,Brubekas,Take Five,
79,fail,12272305494,Mickevičiaus Cave,Shopping Song,
80,fail,12272314933,H. Neihauz,F. Šopeno 1-as Koncertas fortepijonui e-moll,
81,fail,12272315136,Depesh mode,Personal jesus,
82,fail,12272316466,John Abercrombie," ""And I Love Her"" by The Beatles",https://www.youtube.com/watch?v=eiKGpBk8TJo
83,fail,12272322349,LEO ROJAS,Der einsame Hirte,
84,fail,12272338769,Miles Davis,Kind of blue,
85,fail,12272339587,"Dan Balan ir Vera Brezneva,Arminas Vamburenas","Nasa leta, tranzo muzika",
86,fail,12272343458,Nurse With Wound,Soliloquy for Lilith,
87,fail,12272368700,Nina Simone,Isn't it a pity,
88,fail,12272399185,Kanye West & Jay-Z,No Church In The Wild,https://www.youtube.com/watch?v=FJt7gNi3Nr4&ab_channel=KanyeWestVEVO
89,fail,12272447373,Queen,Bohemian rapsody,
90,fail,12272470792,Alphaville,Lasse come home,
91,fail,12272480027,Liudvikas Van Bethovenas,Odė džiaugsmui,
92,fail,12272576120,Telebimbam,Naktelės žiedai,
93,fail,12272592436,Ibi,Experience (cover),https://www.youtube.com/watch?v=6p5O0r00ZOE
94,fail,12272592580,Ivairus,"Meditacine muzika, mantru giedojimas",
95,fail,12272594022,The eagles,One of these nigts,
96,fail,12272605111,Hariprasad Chaurasia,Raga Shivanjali,https://www.youtube.com/watch?v=egHCxISQG9o&t=34s
97,fail,12272676214,Mozart,Koncertas dviems fortepijonams Es-dur,
98,fail,12272699053,eminem,lose youself,
99,fail,12272749357,Trys keturiose,Visos sutartinės,
100,fail,12272753843,Šopenas,Noktiurnai,
101,fail,12272768861,Jon Lenon,Hey Jude,
102,fail,12272782144,Andrea Bocelli and Ed Sheeran,Perfect,
103,fail,12272797104,Vivaldi,Metų laikai,
104,fail,12272813093,Marlyn Manson,Sweet dreams,
105,fail,12272887384,"Grupė"" Whitesnake""",Is this love?,
106,fail,12272898770,Šopenas,Pavasario valsas,
107,fail,12272916797,Gregorian,Moment of piece,
108,fail,12272939237,NELĖ,Laukinės Rožės,
109,fail,12273000990,Lipnūs Macharadžos pirštai,Mylėti,http://mp3.hardcore.lt/LMP/nauji/myletifuck.mp3
110,fail,12273015682,Daugther,Home,
111,fail,12273099624,Dan balan,Люби,
112,fail,12273155179,ACDC,Back in black,
113,fail,12273535926,Ben Frost,Theory of mashines,
114,fail,12273588417,Bethovenas,Moonlight,
115,fail,12273658611,"Elina Garanca, Anna Netrebko","""The Flower Duet (Lakmé)"" - Léo Delibes.",
116,fail,12273680991,fredie merkucry,living on my own,
117,fail,12273901276,Kronos Quartet,Different Trains,
118,fail,12273978588,Liudvikas van Bethovenas,IX simfonija,
119,fail,12273982802,Mostodon,Oblivion,
120,fail,12274762411,Basta,Atleisk mylimas mieste,https://www.youtube.com/watch?v=KckMood5Z5k
121,fail,12274806737,,"Šopenas, ""Pavasario valsas""",
122,fail,12277167051,Giedrius Arbačiauskas,Kaip aš galėčiau,
123,fail,12277462911,Lietuvių liaudies daina,Sodin brolis obelėlį,
124,fail,12277812630,Dzon Lenon,Visi,
125,fail,12279133130,Trevor something,Searching,
126,fail,12279547756,Slipnot,Unsainted,
127,fail,12279749683,A.Mamomtovas,Kibernetiniai žaislai,
128,fail,12279864513,Vanessa May,Storm,
129,fail,12280940100,Guns'n'roses,November rain,
130,fail,12280982334,Gyvata,Diolijuta,
131,fail,12281781919,Dimash Kudaibergen,Sinfull pasion,
132,fail,12284696041,Katie Melua,Nine milion bycicles,
133,fail,12285429011,Mantas Jankavičius,Gyvenam kartą,
134,fail,12310034334,Queen,Bohemian rapsody,
135,fail,12313657065,Luis Eduardo Spineta,Barro Tal Vez,https://open.spotify.com/track/1y96w7WDPlwByq9aISEi6G
136,fail,12313985900,asd,asa,ad
137,fail,12314162720,Renee Rapp,World Burn,https://www.youtube.com/watch?v=H8bn4w3mMrI
138,fail,12314273657,Kim Taehyung (V),Winter Bear,
139,fail,12314635006,Ghost,Marry on a Cross,
140,fail,12314748980,We Lost The Sea,"Challenger part 1 - Flight, Challenger part 2 - A Swan Song",https://welostthesea.bandcamp.com/album/departure-songs
141,fail,12314768778,TheWeeknd,Starboy,
142,fail,12314771699,VHK (Vágtázó Halottkémek = Galloping Coroners),Görög,https://www.youtube.com/watch?v=ycbsMA5GDlI
143,fail,12314775347,Future Islands,A song for my grandfather,
144,fail,12314833228,Vince Guraldi Trio,The Great Pumpkin Waltz,
145,fail,12314962467,Rudimentary Peni,The Cloud Song,
146,fail,12314964404,Two Steps From Hell,Enigma of Light,https://www.youtube.com/watch?v=LFFl5juH7-k
147,fail,12314996267,Louane/Damso,Poésie indécise,https://youtu.be/RsYjfU_IP3A
148,fail,12315012687,Tim Berg (Avicii),Seek Bromance - Avicii's Arena Mix,
149,fail,12315059660,The seatbelts,Call me call me,
150,fail,12315103375,Lil peep,Starshopping,
151,fail,12315153268,Moon Hooch,Nonphyscial,
152,fail,12315171539,Ella Fitzgerald & Louis Armstrong,Cheeck to cheeck,
153,fail,12315203013,Asian Kungfu Generation,Haruka Kanata (遥か彼方),
154,fail,12315410568,Lizzie McAlpine,Apple Pie,
155,fail,12315427677,Umm Kolthoum,Inta Omri,https://m.youtube.com/watch?v=XPGHpBOt5sE
156,fail,12315438296,Itsue,Goodnight Maboroshi,
157,fail,12315527555,Frank Ocean,Pink Matter (feat. Andre 3000),
158,fail,12315811194,Mandolin Orange,Unknown Legend,https://www.youtube.com/watch?v=ZWW3KkTWn94&list=RDZWW3KkTWn94&start_radio=1
159,fail,12315909018,unknown,Wild Mountain Thyme,https://www.youtube.com/watch?v=F_swPqk1F2s&ab_channel=JeffWarner-Topic
160,fail,12316253328,Satoru Kosaki,READY,https://www.youtube.com/watch?v=ombn8ZmSX-U
161,fail,12316478902,Elen walker,Faded,Spotify
162,fail,12316758820,Mokoma,Sinä riität (akustinen versio),
163,fail,12316764369,Scandinavian Music Group,Balladi 1,https://www.youtube.com/watch?v=Le4dUb39XnQ
164,fail,12316782213,ALI,Lost in paradise,https://youtu.be/6riDJMI-Y8U
165,fail,12316793637,Pjotr Tsaikovski,Pianokonsertto 1,https://www.youtube.com/watch?v=hNfpMRSCFPE
166,fail,12316828001,Scary Pockets feat. Maiya Sykes,Viva La Vida - Coldplay - FUNK cover feat. Maiya Sykes,https://www.youtube.com/watch?v=JP3nskD7ebU&list=RDJP3nskD7ebU&start_radio=1
167,fail,12318201727,Jéan-Baptiste Lully,Armide-oopperan alkusoitto,
168,fail,12318526731,Juan Luis guerra,Me sube la virulirina,
169,fail,12320296829,Sarah Barellies,She Used to be Mine,https://www.youtube.com/watch?v=53GIADHxVzM
170,fail,12320304241,Fall out boys,Immortal,
171,fail,12320358073,"Tonight, Tonight",The Smashing Pumpkins,
172,fail,12321581481,Βασίλης Παπακωνσταντίνου -,Βικτώρια,https://www.youtube.com/watch?v=Mtc9lil4fLE
173,fail,12321595773,Σωτηρία Μπέλλου,Περιπλανώμενη ζωή,
174,fail,12321745689,Ελευθερία Αρβανιτάκη,Του πόθου το αγρίμι,
175,fail,12321754911,Κόρι Χένρι,Λίνγκους,
176,fail,12321887591,Θ.Μικρούτσικος.,Σταυρός του νότου,Στην πρώτη έκδοση  δεκαετία του 80
177,fail,12323702672,Keny Rogers,You decorated my life,
178,fail,12323709523,Shopin,Spring waItz,
179,fail,12324086924,Βιβάλντι,4 εποχές,
180,fail,12324490544,Καζαντζίδης,Τραγουδώ,
181,fail,12325471035,Elton John,I’m still standing,
182,fail,12325945453,Pergolessi,Stabat mater,
183,fail,12326216571,Μάνος Χατζηδακις,Τα Λιανοτράγουδα,https://m.youtube.com/watch?v=3TzU_l333XU
184,fail,12326656308,Ριο,Σιωπή και γράμματα,
185,fail,12327167805,Γερμανός Βαγγέλης,Μάσκες,
186,fail,12327206182,Μάριος Φραγκούλης,Τον εαυτό του παιδί,
187,fail,12327576011,Birds of Tokyo,Sirim,
188,fail,12328117193,Yui Horie,Sugar Sweet Nightmare,
189,fail,12328455894,Touch Me,The Doors,
190,fail,12328757927,Dream Girl,Teenage Blue,
191,fail,12328845499,Josef Falkensköld,Nothing To Forgive,https://youtu.be/fdIDefF_OkQ
192,fail,12328900015,Gustavo santonella,Unbroken,
193,fail,12328906519,DJ Command + Rute,Spiders blood,https://youtu.be/x1mH-YBwgEs
194,fail,12329758128,Camille Saint-Saëns,Danse macabre (organ versions mostly),https://www.youtube.com/watch?v=grR_guswfyE
195,fail,12330463939,Dimitry Shostakovich,Symphony no 5,
196,fail,12330536232,Pufff Daddy,I'll be missing you,
197,fail,12331321113,Μάνος Χατζηδάκης,?,
198,fail,12331401992,Μικρουτσικος,Μαρεα,
199,fail,12331554805,breeders,space woman,
200,fail,12332443984,Γιάννης Χαρουλης,Το άλογο,https://youtu.be/SYTX__Dd_nE
201,fail,12332450999,Καζαντζίδης,Τα όνειρα που χτίζονται,
202,fail,12332762257,Χατζιδακις,Το χαμογελο της τζιοκοντα,
203,fail,12333135041,The Wipers,Doom town,
204,fail,12333624100,Frank Ocean (James Blake cover version),Godspeed,https://www.youtube.com/watch?v=OapxMsZHNkw
205,fail,12333722433,Διάφανα κρίνα,Μπλε χειμώνας,
206,fail,12333791637,Rossini,Petite Missa Solemnelle,Vários (Gosto da interpretação do Pavarotti no tenor)
207,fail,12335098602,,Somewhere over the Rainbow,"Israel ""IZ"" Kamakawiwoʻole"
208,fail,12335551749,Nılüfer,Karlar düşer,
209,fail,12335989104,Γρηγόρης Μπιθικώτσης,Καημός,https://www.youtube.com/watch?v=GgDUPbrzJzY
210,fail,12336654106,"Getter, ft. Ghostemane",Grain,https://open.spotify.com/track/0SbKWYPENsANEIIgnCK45e?si=DD-3V2yQTSWB7snCYAiANQ
211,fail,12338307222,Clifford Brown - Max Roach Quintet,Cherokee,
212,fail,12338402388,Vedat Yurdakul Kaptan,Bir kızıl gonca,
213,fail,12338410764,Barış Manço,Kol Düğmesi,
214,fail,12338414637,Klasik müzik,9.senfoni,.
215,fail,12338581553,Chris Rea,Raod to Hell,
216,fail,12338960811,Emerson Lake and Pslmer,Ces't La Vie,https://youtu.be/qAYzSHOzRHQ
217,fail,12340539397,Σαββοπουλος,Θαλασσογραφια,
218,fail,12342108416,Active Member,Κάνε μου τη χάρη,
219,fail,12342317328,Tchaikovsky,"Symphony no 4, 2ο μέρος",
220,fail,12342317737,Gavin Mikhail,"The Night We Met (from ""13 Reasons Why"")",https://youtu.be/VK6MBdBiv-8
221,fail,12342364338,Rachmaninov,2o concerto for piano and orchestra,
222,fail,12342465148,Αντώνης Απέργης -,Αραμπέσκ,https://www.youtube.com/watch?v=OItaDwkhwkk
223,fail,12342979708,Frank Sinatra,I've got you under my skin,https://youtu.be/oaddLBnHJSA
224,fail,12343061563,Μαρίζα Κωχ,Νεράιδα είσαι μάτια μου,https://youtu.be/j92kUP5ImR8
225,fail,12343322268,Miley Cirus,Slide away,
226,fail,12343563937,Μελίνα Κανά,Μιλώ για σένα,https://www.youtube.com/watch?v=JsOdAh0W4g0
227,fail,12343610246,ΜΑΝΟΣ ΧΑΤΖΙΔΑΚΙΣ,ΜΕΡΕΣ ΤΟΥ 1903,https://www.youtube.com/watch?v=TMtWx8BE6bM
228,fail,12343715599,taylor swift,exule,
229,fail,12343882418,Ρεμπουτσικα,Ο χορός των άστρων,https://youtu.be/8Lcbh2YTQ9k
230,fail,12343971449,Θάνος Μικρούτσικος,Καραντί,
231,fail,12345032320,Ismo Alanko,Vittu kun vituttaa,
232,fail,12345081945,Frank Ocean,Rushes to,"Check YouTube, not on Spotify"
233,fail,12345131688,Μίλτος Πασχαλίδης,Περσείδες,https://youtu.be/6_iSfaCHzis
234,fail,12345136677,Fazıl Say,İnsan insan,
235,fail,12345574606,Queensrche,Breaking the Silence,Very hard to distinguish the very one song
236,fail,12348031727,Sezen Aksu,Sözüm şiirlerin mükemmelidir,
237,fail,12348247062,Κώστας Θεοδώρου,Αποχαιρετισμός,https://youtu.be/0eJ867wflwE
238,fail,12348477099,Six pence,Melody of you,
239,fail,12349160698,cristophe,o mon amour,
240,fail,12354992050,Lost Frequencies ft. James Blunt,Melody,https://www.youtube.com/watch?v=4t6rQDxJwno&ab_channel=LostFrequencies
241,fail,12355361686,Ludwig van Beethoven,Egmont Uvertürü,https://www.youtube.com/watch?v=sDRNKUOYltY
242,fail,12355372188,Alles zieht vorbei,Fatoni,
243,fail,12355498723,JOHNNY 5,Rauche gut,
244,fail,12355530334,,Cost of Freedom,https://www.youtube.com/watch?v=1qgz8UJ48gk&t=160s
245,fail,12355659681,The Fray,How to save alife,
246,fail,12356137551,Nope,Nopee,Sj
247,fail,12356848474,Bladee,Western Union,
248,fail,12357275031,Hachi,Matroshyka,
249,fail,12358687264,İncesaz,Mazi Kalbimde Bir Yaradır,
250,fail,12359502739,Heppner / Joachim Witt,Die Flut,
251,fail,12359524773,Angel Olson,Shut Up Kiss Me,
252,fail,12360810296,ΔXIUS LIИK (Axius Link),NНΞЙ (White Frost),https://www.youtube.com/watch?v=tx2uV_GOB68
253,fail,12363989890,Knorkator,Liebeslied,https://open.spotify.com/track/6rG3p286W6p1cMllLE9Rze?si=YUMZEi96Sba7l9bXVzP16w
254,fail,12364791387,Νapasandao,Ορίζοντας Στη Σκόνη,https://youtu.be/TDqdnBR0iG0
255,fail,12368596977,Otava yo/Отава Ё,Little Apple aslen bir komizim dönemi Rus folk şarkısı,https://youtu.be/k7TxSDRqdC4
256,fail,12370087173,Maroon5,Memory,
257,fail,12370735058,no1,serseri,
258,fail,12371045918,I want to tear you apart,She wants revenge,
259,fail,12371763067,Tchaikovsky,第一钢琴协奏曲,
260,fail,12371779088,周杰伦,听妈妈的话,
261,fail,12371783643,李荣浩,李白,
262,fail,12371783911,林俊杰 金莎,被风吹过的夏天,
263,fail,12372086566,Meatloaf,The Futur isn't what it used to be,
264,fail,12372506551,埃里克•萨蒂,Gymnopedie No.1,
265,fail,12372731651,Lin- Manual Miranda,My shot,
266,fail,12372732821,苏打绿,他夏了夏天,
267,fail,12374570596,汪峰,时光倒流,
268,fail,12374729461,"Rousseau (interprete), Franz Liszt (compositor)",La Campanella,https://youtu.be/H1Dvg2MxQn8
269,fail,12374734327,In my darkest hour,Megadeth,
270,fail,12374757985,D-Fence & Mr. Hyde,Snoeien [Original Mix],https://www.youtube.com/watch?v=ukI8c48d7Gw
271,fail,12374805566,The Cardigans,My favorite game,
272,fail,12374872683,Death Cab for Cutie,I'll follow you into the dark,
273,fail,12374875867,Ortopilot,Virtual insanity,https://youtu.be/B1jcPOFFJxo
274,fail,12374913566,Eugène Pottier,L'Internationale,
275,fail,12374923689,周杰伦,东风破,
276,fail,12374927215,46ter,Côte Ouest,https://youtu.be/UX5Mc2yPSUo
277,fail,12374941911,Kikesa,La la la (Freestyle XBox series X),
278,fail,12374965870,Calibre,If you wait,
279,fail,12375002615,Sunn O))),Why Dost Thou Hide Thyself in Clouds ?,https://youtu.be/qCfu4XK3M_0
280,fail,12375022101,Ftisland,Dance with you,https://youtu.be/h-_oHGfkk6g
281,fail,12375063583,Kid Cudi,the puisuit of happiness,
282,fail,12375132031,TheWeeknd,Save Your Tears,
283,fail,12375177842,Plume Latraverse,Une chanson pour nous autres,https://www.youtube.com/watch?v=Dh0IhETK5Zo
284,fail,12375373890,Koji Kondo,Clock Town - Day 1,https://www.youtube.com/watch?v=K0kXVfqPrLs&feature=youtu.be
285,fail,12375854805,Andre Tchaikovsky,Bach: Goldberg-variations,https://www.youtube.com/watch?v=0p3zbnOA2lk
286,fail,12375944444,Joanna Newsom,Go Long,
287,fail,12376068274,Tchaïkovski,The sleeping beauty,
288,fail,12376146100,Hozier ft. Mavis Staples,Nina cried power,https://youtu.be/j2YgDua2gpk
289,fail,12376336728,Disiz,Qu'ils ont de la chance,https://www.youtube.com/watch?v=XyV0rXQJw7s
290,fail,12376345727,Swift guad,J'commence ma journée,https://youtu.be/TOqN75aXlBo
291,fail,12376470231,beethoven,32 ° sonate piano,
292,fail,12376488429,Nepal,Rien de spécial,
293,fail,12376728147,Gaetan roussel,Help myself,
294,fail,12376774048,Noir Désirs,Le temps des cerises,https://www.youtube.com/watch?v=cD3rBPBXY1c
295,fail,12376810442,Radiohead,No surpises,
296,fail,12376866589,CSN&Y,,https://www.youtube.com/watch?v=vEc3AduDP6w
297,fail,12376928106,When you die,MGMT,
298,fail,12376969570,boardwalk,i'm to blame,
299,fail,12377038900,Brûlons une Sorcière,Rêverie D'Un Fantôme,https://www.youtube.com/watch?v=5J-ze1DgLsg&ab_channel=Nevrome
300,fail,12377152703,Rage against the macbine5,Killing in the name,
301,fail,12377325146,Morohoshi Sumire,Ready to,
302,fail,12377601251,Santigold,Les artistes,
303,fail,12377743586,Coldplay,You belong with me,
304,fail,12377817292,Ridan,L'agriculteur,
305,fail,12377825965,Murcof X Vanessa Wagner,"Farewell, O World, O Earth...",https://infine-rec.bandcamp.com/track/farewell-o-world-o-earth-valentyn-silvestrov
306,fail,12377871932,The pointer sisters,I'mso excited,
307,fail,12377903029,London Elektricity,Final view from de the rooftops,https://open.spotify.com/track/4anwtch3VmGWB0aoqkBPMH?si=At8tdjPZRD2eqBTYDFQG0w
308,fail,12378173096,Flora Cash,You're somebody else,
309,fail,12378260583,24Sat,Missing,https://www.youtube.com/watch?v=eXdSTK5t1ks
310,fail,12378622021,Angel Voices,Far away,
311,fail,12378649742,Avishai Cohen,Alfonsion y mar,
312,fail,12378882421,Billy Joel,Pianoman,https://youtu.be/HVKtL9VU8rQ
313,fail,12379009997,Tame Impala,Yes I am changing,
314,fail,12379022556,Manowar,Die for Metal,
315,fail,12379144975,Rebekah Karijord,Wear it like a crown,https://open.spotify.com/track/2AYxOSUJMl3IpUbSSDrZTS?si=jj8WxFhbSAKWsfL16jr69g
316,fail,12379727150,Bob Dylan,"Don't think twice, it's all right",
317,fail,12379861076,,Allelujah,
318,fail,12380484850,Low roar,I'll keep coming,https://open.spotify.com/track/5Pf5HwjqLAbYDVBQU7H7Oz?si=pxb3vYYTTr-JEmbvzs4IWQ
319,fail,12380772658,Lúnasa,Absent Friends/Ivory Lady,
320,fail,12380942940,Tan bionica,Arruinarte,
321,fail,12384042855,Christian ferras,"Concierto para violin,jean sibelius",
322,fail,12386279268,Halo Manash,Aaveet,https://www.youtube.com/watch?v=dzPw5LGub7I
323,fail,12387715994,"Dr. Balamuralikrishna, Ghantasala, ",Devotional,
324,fail,12387758545,not a clue,even less of a clue,
325,fail,12387758672,Charlotte de Witte,New form II,Écouter Charlotte de Witte - New Form Livestream II (June 2020) par Charlotte de Witte sur #SoundCloud https://soundcloud.app.goo.gl/TKjE
326,fail,12387805686,The Editors,Papillon,
327,fail,12387989145,1974AD,Sambodhan,"Check out ""Sambodhan"" by 1974 A.D on Amazon Music. https://music.amazon.in/albums/B005CZSS2U?do=play&trackAsin=B005CZSSTS&ref=dm_sh_AtryXRGvBq1JxZ6iYCnoa2f6J"
328,fail,12388196553,M D Pallavi,Aagu geleya aagu neenu,
329,fail,12388313421,"Hariharan, A R Rahman",Suttum vizhi,https://youtu.be/iZ9zs1D4KvU
330,fail,12390275658,Pink floyd,The wall ya,
331,fail,12390537664,Grigory Sokolov,Bach English Suite #2,
332,fail,12390868459,A R Rehman,Roja janeman,
333,fail,12391737440,fleetwoodmac,dreams,
334,fail,12404770777,Twinkle Brothers,World crisis,https://www.youtube.com/watch?v=vddphoiw3zU&t=0
335,fail,12407103986,Rusted roots,Send me on my way,
336,fail,12408203910,Hellbae,Luxúria,https://soundcloud.com/hellbae/luxuria
337,fail,12411357032,Bavarian Opera Company,Die Meistersinger,Bavarian Opera
338,fail,12425201352,Alfred Brendel,Haydn Sonatas,
339,fail,12426581622,Bloodlane,Sleepless,
340,fail,12427270988,The gaslight athem,Orphans,https://www.youtube.com/watch?v=xd-xGCQhNyw
341,fail,12444549291,Caetano,Leoncinho,
342,fail,12450275413,Phill Colins,This love this heart,https://www.youtube.com/watch?v=Jkcwup76rAs&list=PLCzTv-xbIKLucxlTpyi42yDcWywyVkawm&index=6
343,fail,12465927636,Mustafa ceceli,Iyki hayatımdasın,Yok
344,fail,12467194304,,Traviata,
345,fail,12468286788,Calu y dandee,Volver,
346,fail,12468298557,Garibaldi,La campanita,
347,fail,12468315233,Ed Sheeran,Perfect Duet (ft. Beyoncé),
348,fail,12473163619,Depesche mode,Enjoy the silence,
349,fail,12474882166,托斯蒂,小夜曲,
350,fail,12475116224,周杰伦,晴天,
351,fail,12475124161,蔡依林,怪美的,
352,fail,12475148317,久石让,太阳照常升起,
353,fail,12475153764,斯特劳斯,蓝色多瑙河,
354,fail,12475170468,李宗盛,回家 萨克斯,
355,fail,12475175578,任贤齐,我是一只鱼,
356,fail,12475176707,Beyond/朴树,海阔天空/平凡之路,
357,fail,12475177599,梁静茹,分手快乐，暖暖,
358,fail,12475182314,陈慧娴,归来吧,
359,fail,12475190177,任贤齐,天涯,
360,fail,12475237032,王菲,红豆,
361,fail,12475242393,李健,传奇,
362,fail,12475286781,五月天,成名在望,
363,fail,12475329042,陈奕迅,十年,
364,fail,12475363828,萧敬腾,王妃,
365,fail,12475445005,刘德华,今天,未知
366,fail,12475456070,梁静茹,勇气,
367,fail,12475674409,,友谊地久天长,
368,fail,12476921502,Fikret Kızılok,Bu kalp seni unuturmu,
369,fail,12477330186,周杰伦,青花瓷,
370,fail,12482866335,Véronique Gens,Après un rêve,
371,fail,12482959209,Michael salvatori,Deep stone lullaby,
372,fail,12483255819,Rita Behm,Hei Rakas,
373,fail,12483797513,Celine Dion,I’m alive,
374,fail,12484065346,Bach,Kaksoisviulukonsertto d kaikki kolme osaa,
375,fail,12485106255,Kaija Koo,Tinakenkä tyttö,
376,fail,12485184536,Kari Tapio,Sydämmeni tänne jää.,
377,fail,12490169000,the watherboys,Fisherman's blues,https://youtu.be/a4UQJwd3awQ
378,fail,12490928180,Olavi Uusivirta,Irrallaan,
379,fail,12490984906,Mikael Garbriel & Nublu,Universun,
380,fail,12491001256,Linking Park,In the end,
381,fail,12491366220,Igor Stravinsky,Tulilintu: finaali,https://open.spotify.com/track/1YhNywkukbzr4LDjC2AkRD?si=LcRRnhwrT1Sbq2WqFUvDyQ
382,fail,12491567655,,Radetzky March,
383,fail,12494552963,Queen,Don`t Stop me now,
384,fail,12496689518,folk song,frere jacques,
385,fail,12496722513,Creedence Cleartwater Revival,Its just a though,https://www.youtube.com/watch?v=yQKrSru_Vxw
386,fail,12496822841,information Society,information society,
387,fail,12496862438,Bon Dylan,Hurricane,
388,fail,12496918492,Pink Floyd,Shine on you crazy diamonds,
389,fail,12496957689,"Mano Brown, Don Pixote e Seu Jorge","Dance, Dance, Dance",https://open.spotify.com/track/4MX4AmbGwHeHIIlX1ysJ6X?si=Jbom2NG1RR6LfbFJ4AiIkA
390,fail,12497431421,Evanecence,Wasted on you,
391,fail,12497444666,Filipe Ret,Neuróticos de Guerra,https://www.youtube.com/watch?v=KYSMLqaLo5s&ab_channel=TudubomRecords
392,fail,12498206157,Пётр Ильич Чайковский,Увертюра балета Щелкунчик,
393,fail,12498717659,Бетховеп,Лунная срната,
394,fail,12511358175,Yellow,Coldplay,
395,fail,12514636525,Carlos Aguirre,Memorias de pueblo,https://www.youtube.com/watch?v=kXHoOOpoBag
396,fail,12515917629,ODESA,A MOMENT APART,
397,fail,12517669977,Pink Floyd,Stairway to heaven,
398,fail,12526826903,Wulfpek,Dean town,
399,fail,12527047613,Oscar mollo,Como dos extraños,
400,fail,12529426772,The Manhattan Transfer,Aqua,
401,fail,12530261912,Himeringo,Shinitai chan,https://www.youtube.com/watch?v=vSEBc_Z6VyA
402,fail,12532778687,Paul Kalkbrenner,,https://www.youtube.com/watch?v=rH9AriEezeI&list=PLVTRFAnN3FR2ptBltXpPcfeKmx3MBhFZF
403,fail,12534312294,Lacrimosa,Wenn unsere helden sternen,
404,fail,12534466821,luis alberto spinetta,tu nombre sobre mi nombre,https://www.youtube.com/watch?v=R95rIgzVeMM
405,fail,12534466913,Asap Rocky,Praise the Lord,
406,fail,12534547067,Kanon Wakeshima," World's End, Girl's Rondo",https://www.youtube.com/watch?v=wefOI4tnW08&list=RDx6q41EnhPnU&index=3
407,fail,12534676438,Сплин,Лабиринт,
408,fail,12534717126,Аквариум,Почему не падает небо,https://youtu.be/phTUOhL2L9Y
409,fail,12534770936,Globular,Entangled Everything,
410,fail,12534945002,,sound of silence,
411,fail,12535091131,Red Hot Chilly Peppers,Otherside,
412,fail,12537822747,Queen,Bohemian Rapsody,
413,fail,12537877974,Kızıl Ordu Korosu,Kalinka,https://youtu.be/9n22Uy-qFPw
414,fail,12538255672,Queen,Bohemian Raphsody,
415,fail,12542318204,Noise MC,Всё как у людей,https://www.youtube.com/watch?v=eLAHSRmFFzE&ab_channel=NoizeMC
416,fail,12542435557,Сюткин,Москва-Нева,
417,fail,12542827644,Lida Gulesco / Лида Гулеско,Ехали цыгане,https://www.youtube.com/watch?v=zIGPl_8fUZA
418,fail,12543212193,Elevation worship,O come to the althar,
419,fail,12543343418,Коридор,Ах как она играла,
420,fail,12543423438,Борис Гребенщиков,Серебро господа моего,
421,fail,12543462201,Wasabi,Прости ( feat. Kabz),https://youtu.be/8s1nSdtamYg
422,fail,12543489198,,Бах. Токката и фуга...,
423,fail,12543494568,Песняры,Княжна,
424,fail,12543617388,Земфира,Пммл,
425,fail,12544374132,Фредди Меркьюри,The Show Must Go On,
426,fail,12545498433,Адриано Челентано,Confessa,
427,fail,12547466109,Оркестр п/у В.Кожухаря 1936,"И. ДУНАЕВСКИЙ Увертюра к к/ф ""Дети капитана Гранта""",https://youtu.be/oLLagI0z4h8
428,fail,12554384907,Grogi,Sekiz 2,
429,fail,12554471757,Sevcan Orhan,Ela gözlüm ben bu elden gidersem,
430,fail,12555274897,Cream,Can't find my way home,
431,fail,12555974128,Danny Vera,My Confession,
432,fail,12559820097,Yū Miyake,Cherry Blossom Color Season,https://www.youtube.com/watch?v=M-1JHvQbspM
433,fail,12559827981,Pink Floyd sinead o'connor,Mother,
434,fail,12559889818,Jon Brion / Charlie Kaufman,Little Person,
435,fail,12560008102,Randy Newman,You've got a friend in me,
436,fail,12560054502,Taylor Swift,Run,https://www.youtube.com/watch?v=Lc8dbl-EqCY
437,fail,12560094992,Irene Portela,Passarinho,https://youtu.be/EGa0tpTf4jU
438,fail,12560135739,Koji Kondo,"Dire, Dire Docks",
439,fail,12560931384,Ногу свело!,Дышать!,
440,fail,12560932603,"Леонид Серебренников, Геннадий Гладков",Песня волшебника,https://music.yandex.ru/album/2492217/track/21722077
441,fail,12560938483,Weber,Phantom der oper,
442,fail,12560942493,"Мюзикл «последнее испытание», руслан герасименко, елена ханпира",«Соблазнение»,https://m.youtube.com/watch?v=vfuKRdgnmO8&t=4417s
443,fail,12560955831,Пикник,У шамана три руки,
444,fail,12560973577,Jigsaw falling into place,Radiohead,
445,fail,12560980550,Рамин Джавади,Король ночи,
446,fail,12560998990,Roméo Et Juliette,Les rois du monde,
447,fail,12561041811,Канцлер Ги,Кантри Брэган Д'эрт,
448,fail,12561064122,Andreas,Make a Move,https://www.youtube.com/watch?v=2q1erLJhIfA
449,fail,12561075454,Северный флот,Ветер ходит налегке,https://www.youtube.com/watch?v=D9QUdyn9JzA
450,fail,12561076467,Канцлер Ги,R. - R.,
451,fail,12561103787,The Glitch Mob,Rise,https://open.spotify.com/track/69Sy7207dnixZ6w7RSV9Kb?si=-vv4lSVFSOu-D_GCe2Ru7A
452,fail,12561103865,АлоэВера,Платье в точку,
453,fail,12561109540,Земфина,Итоги,
454,fail,12561182659,Vasily Kashnikov,Higher then sky,
455,fail,12561302138,,Is This the Life We Really Want?,
456,fail,12561345893,Girl in red,Homecoming,
457,fail,12561412293,Lana del Rey,Cherry Blossom,
458,fail,12561448368,Lumen,Сид и Ненси,
459,fail,12561491891,"группа ""Браво""",Король оранжевое лето,https://www.youtube.com/watch?v=3vNlRQdO1jw
460,fail,12561657386,Transformation,Bulgarian Women's Choir,
461,fail,12561813933,Shinobu Narita (URBAN DANCE),DEAR FUTURE,https://youtu.be/cThqtivE5_M
462,fail,12561935895,Yppah feat. Anomie Belle,Film Burn,https://www.youtube.com/watch?v=Nmr3DEiNc0k
463,fail,12562105895,Пахельбель,Канон в ре мажоре,
464,fail,12562164024,Ден Назгул,Я волк,
465,fail,12562176936,Linkin Park,Figure 9,
466,fail,12562692607,Kim Jonghyun,The end of a day,https://www.youtube.com/watch?v=wGP-gfCWXYI&ab_channel=SMTOWN
467,fail,12562883276,Former Selves,Common Years,
468,fail,12563353156,Би-2,Шар земной,
469,fail,12563535907,земфира,джозеф,https://youtu.be/b0yIAx0U4AU
470,fail,12563841625,Веня Д'ркин,Еще одно утро,https://www.youtube.com/watch?v=ubPouLL1R60
471,fail,12563897325,Ария,Я свободен,
472,fail,12564230832,Penicillin,螺旋階段,https://open.spotify.com/track/7aHdsRmxqeEuxAcMa9QEfp?si=c2fd099aad454bce
473,fail,12565246478,M83 feat Susanne Sundfør,Oblivion,https://www.youtube.com/watch?v=UjpbQ1OWMPE
474,fail,12566809069,押尾光太郎,黄昏,
475,fail,12566828158,不才,小尘寰,
476,fail,12567068624,坂本龙一,merry Christmas Mr.Lawrence,
477,fail,12567527073,卡萨尔斯/巴赫,巴赫无伴奏大提琴组曲,啊..木得连接，就卡萨尔斯的版本
478,fail,12567731621,周杰伦,彩虹,
479,fail,12567876390,罗大佑,恋曲1990,
480,fail,12567942901,五月天,知足,
481,fail,12567948021,"""Виртуозы Москвы""",Libertango,https://www.youtube.com/watch?v=H_-cfWEMDrU&list=PL36QDnzGF_zfS8C4EZeKkE6PtssSM76x0&index=40&ab_channel=NCOArmenia
482,fail,12568072544,Michael Joseph Jackson,You Are Not Alone,There is no
483,fail,12568145576,Lenou,Yesterday Once More,
484,fail,12568293353,Michael Jackson,Gone with the wind,
485,fail,12568621015,m.o.v.e,Rage your dream,
486,fail,12568789183,劉迪,堕山海,
487,fail,12569004486,李宗盛,漂洋过海来看你,刘明湘版本
488,fail,12569054731,greenday,Basket Case,
489,fail,12569111714,汪苏泷,不分手的恋爱,
490,fail,12569380134,Thelonius Monk,Thelonius,https://open.spotify.com/track/5yc2APVVniRhfzEEdhVh7x?si=WavqapnfS1qI43br5KL7KQ
491,fail,12571237237,Solomun,Late night,https://youtu.be/sQVeK7Dt18U
492,fail,12571276714,dafds,sfsdfa,dsad
493,fail,12571754568,,,
494,fail,12571799319,花たん,ニワカアメ,
495,fail,12574717015,Jerry Allison,More Than I Can Say,
496,fail,12575127264,Явь,Берегом,
497,fail,12577653283,白皮书乐队,清河,https://open.spotify.com/track/1hgKwBd45VpOyoxbXhmxTK?si=70javxbyTIOSDFIyMn3Jxg
498,fail,12577918962,"группа ""Немного нервно"" ",Изнанка,https://youtu.be/ZbgFJt-_7ec?t=137
499,fail,12579214881,Ступени - Питерская группа,Пустяк,
500,fail,12579423180,谷建芬,难忘今宵,
501,fail,12581424615,Peter Gabriel,In the blood of Eden,
502,fail,12584699012,雷雨心,记·念,
503,fail,12584700578,聂耳,义勇军进行曲,
504,fail,12584711222,孟子坤,晚枫歌,
505,fail,12584714387,儿歌,小兔子乖乖,
506,fail,12584716528,刘小慧,初恋情人,
507,fail,12587522168,El dueño de morfeo,Esta soy yo,
508,fail,12589243289,Mark Knopfler / Dire Straits,Going home,
509,fail,12593367284,nino bravo,cualquiera de el,
510,fail,12593983546,Elisabeth Schwarzkopf,Richard Strauss Vier letzte lieder,
511,fail,12598286257,Fleetwood Mac,You can go your own ay,
512,fail,12599059801,REM,Everybody Hurts,
513,fail,12599382937,Martin Frost,Let's be happy,https://www.youtube.com/watch?v=iZxUsfz692U
514,fail,12599383184,"James, Brian Eno",Pressure's On,https://open.spotify.com/track/5KLE4DHHHlJrJwIk5TRge7?si=UhiZCPi3QLKVptFpxzKu9g
515,fail,12599404520,Ali ft. Aklo,Lost in paradise,https://www.youtube.com/watch?v=KnakQRoQRzk
516,fail,12599404794,Lil Peep,This Feeling,
517,fail,12599409221,Παύλος Παυλίδης,Ο κηπουρός,https://www.youtube.com/watch?v=ASns-OeaPn0&ab_channel=TheBobbyPeru
518,fail,12599410729,Παραδοσιακό,Κοράσιον ετραγούδαγε,https://youtu.be/2gcdVdzIqOU
519,fail,12599418449,Σοπεν,1η μπαλαντα,
520,fail,12599811531,Άννα Βίσση,Μεθυσμένη Πολιτεία,
521,fail,12602321613,Θέμης Αδαμαντίδης,Αυτό το λίγο,https://www.youtube.com/watch?v=sO-x4REHe5U
522,fail,12603339688,ΟΡΦΕΑΣ ΠΕΡΙΔΗΣ,ΤΟ ΒΑΛΣ,
523,fail,12604826858,许嵩,如果当时,
524,fail,12604830784,周杰伦,告白气球,
525,fail,12604833383,王菲,旋木,
526,fail,12605363251,毛不易,平凡的一天,
527,fail,12605368214,李玲玉,梦醒时分,
528,fail,12605519796,帕赫贝尔,卡侬,
529,fail,12607397280,莫扎特,"C大调作品第K. 265/300e,",
530,fail,12611309294,pergolessi,stabat mater,https://www.youtube.com/watch?v=Rr9LPEwnp0w&t=1507s
531,fail,12612424582,Album by Kero Kero Bonito,the princess and the clock,
532,fail,12612953457,Cats,stylized as CATS,"Cats (stylized as CATS) is a musical composed by Andrew Lloyd Webber, based on Old Possum's Book of Practical Cats by T. S. Eliot. The musical tells the story of a tribe of cats called the Jellicles and the night they make what is known as ""the Jellicle choice"" and decide which cat will ascend to theHeaviside Layer and come back to a new life. Cats also introduced the song standard ""Memory""."
533,fail,12618028517,Gershwin,Concierto en F para piano y orquesta,
534,fail,12621602113,席琳·迪翁,My Heart Will Go On,Titanic：Music from the Motion Picture
535,fail,12627277565,Gipsy kings,el toro enamorado de la luna,
536,fail,12630704271,Please write down below,,
537,fail,12636456861,Queen. Rammstein,,
538,fail,12639087690,Evanescence,My Inmortal,
539,fail,12639548421,Josep Orlinsky,Vedro el mio diletto,
540,fail,12640915772,Engin norsani,Gulum,Yok
541,fail,12647142796,Bad Bunny,RLDNT,https://open.spotify.com/track/6pZHZndlo57dPCYnvlYFOE?si=MJp156Z3TceXawuf_KvfAQ&utm_source=copy-link&dl_branch=1
542,fail,12647433985,Mischa Maisky,Suite n1 en G de Bach,https://www.youtube.com/watch?v=mGQLXRTl3Z0
543,fail,12648233819,King Crimson,Epithap,
544,fail,12648648546,Gülşen Kutlu,Gönlüm Ataşlara Yandı Gidiyor,https://youtu.be/eww1RXmA-Lw
545,fail,12648783090,Danish String Quartet,Shine You No More,
546,fail,12648830698,John Lennon,Beautiful bou,
547,fail,12648843576,Carioca Freitas,Angel Heart,https://www.youtube.com/watch?v=gSlfG7Qe5ww
548,fail,12648901411,Kylie minogue,Specially for you,
549,fail,12649893604,Taize community,Bless the Lord my soul,
550,fail,12650189213,Unsure,Morning town ride,
551,fail,12650387413,Anna Hanski,Mitkä ovat tontun tehtävät,
552,fail,12650416606,Joanne Stefani Germanotta,The Fame The Fame,The Fame
553,fail,12651164601,Beatles,Enola Gay,
554,fail,12651929313,Sabandeños,Contigo aprendí,
555,fail,12652289596,Carl Off,Carmina Burana,
556,fail,12653590087,Compositor: Tchaikovsky,Concierto para violín,Intérprete: Vengerov
557,fail,12653910098,Robyn Rihanna Fenty,Diamonds,
558,fail,12653956018,Sweet and Wild,Stay Here Forever,
559,fail,12662773713,Celine Dion,MyHeartWillGoOn,Titanic：Music from the Motion Picture
560,fail,12664692246,Pluto,Convite,
561,fail,12665140169,Leonard Cohen,Hallelluijah,
562,fail,12669354446,Pink Floyd,Division Bell,
563,fail,12670769119,Liepa Malinauskaitė,Truputį,
564,fail,12688045342,Aretha Franklin,Don`t play that song for me,
565,fail,12688959192,周杰伦,稻香,
566,fail,12688961474,折戸伸治,鸟之诗,
567,fail,12688967085,莫文蔚,慢慢喜欢你,
568,fail,12688971875,陈奕迅,爱情转移,
569,fail,12688984481,李荣浩,爸爸妈妈,
570,fail,12688987561,王力宏,春雨里洗过的太阳,
571,fail,12688988522,高志豪,你离开的事实,
572,fail,12688992553,林志炫,凤凰花开的路口,
573,fail,12689008231,那英,梦一场,
574,fail,12689011630,vietra,tired,分享vietra的单曲《tired》: https://y.music.163.com/m/song/1383691441/?userid=543788935 (来自@网易云音乐)
575,fail,12689013675,三亩地,城南花已开,
576,fail,12689024626,张杰,他不懂,
577,fail,12689032933,MARiA,極楽浄土（ごくらくじょうど）,
578,fail,12689036490,Oasis,Don't Look Back in Anger,
579,fail,12689054626,夏天Alex,不再联系,
580,fail,12689058611,林海,琵琶语,
581,fail,12689153395,吴青峰,起风了,
582,fail,12690218706,记不住,,
583,fail,12691763603,陈奕迅,孤独患者,
584,fail,12693157390,没有,没有,
585,fail,12705875895,Eagles,Hotelcalifornia,
586,fail,12706163669,Bobseger,Likearock,
587,fail,12707320304,Richard Clayderman,MARIAGE D'AMOUR,
588,fail,12707326872,Beyonce Giselnos,Dangerous Love,
589,fail,12707383608,Sean Combs,NoWayOut,
